Я буду любить?;Will I love?;любить;to love (loved);assets/sounds/simple_tenses_sounds/to_love_sounds/will_i_love_ru.mp3;assets/sounds/simple_tenses_sounds/to_love_sounds/will_i_love.mp3
Ты будешь любить;You will love;любить;to love (loved);assets/sounds/simple_tenses_sounds/to_love_sounds/you_will_love_ru.mp3;assets/sounds/simple_tenses_sounds/to_love_sounds/you_will_love.mp3
Мы не будем любить;We will not love;любить;to love (loved);assets/sounds/simple_tenses_sounds/to_love_sounds/we_wont_love_ru.mp3;assets/sounds/simple_tenses_sounds/to_love_sounds/we_wont_love.mp3
Они любят?;Do they love?;любить;to love (loved);assets/sounds/simple_tenses_sounds/to_love_sounds/do_they_love_ru.mp3;assets/sounds/simple_tenses_sounds/to_love_sounds/do_they_love.mp3
Он любит;He loves;любить;to love (loved);assets/sounds/simple_tenses_sounds/to_love_sounds/he_loves_ru.mp3;assets/sounds/simple_tenses_sounds/to_love_sounds/he_loves.mp3
Она не любит;She doesn`t love;любить;to love (loved);assets/sounds/simple_tenses_sounds/to_love_sounds/she_does_not_love_ru.mp3;assets/sounds/simple_tenses_sounds/to_love_sounds/she_does_not_love.mp3
Ты любил?;Did you love?;любить;to love (loved);assets/sounds/simple_tenses_sounds/to_love_sounds/did_you_love_ru.mp3;assets/sounds/simple_tenses_sounds/to_love_sounds/did_you_love.mp3
Я любил;I loved;любить;to love (loved);assets/sounds/simple_tenses_sounds/to_love_sounds/i_loved_ru.mp3;assets/sounds/simple_tenses_sounds/to_love_sounds/i_loved.mp3
Он не любил;He did not love;любить;to love (loved);assets/sounds/simple_tenses_sounds/to_love_sounds/he_didnt_love_ru.mp3;assets/sounds/simple_tenses_sounds/to_love_sounds/he_didnt_love.mp3
Ты скажешь?;Will you say?;говорить;to say (said, said)
Мы скажем;We will say;говорить;to say (said, said)
Они не скажут;They will not say;говорить;to say (said, said)
Ты сказал?;Did you say?;говорить;to say (said, said)
Она сказала;She said;говорить;to say (said, said)
Ты не сказал;You didn`t say;говорить;to say (said, said)
У меня будет? (Я буду иметь?);Will I have?;иметь;to have (had, had)
У тебя будет (Ты будешь иметь);You will have;иметь;to have (had, had)
У нас не будет (Мы не будем иметь);We will not have;иметь;to have (had, had)
У них есть? (Они имеют?);Do they have?;иметь;to have (had, had)
У него есть (Он имеет);He has;иметь;to have (had, had)
У нее нет (Она не имеет);She doesn`t have;иметь;to have (had, had)
У тебя был? (Ты имел? );Did you have?;иметь;to have (had, had)
У меня был (Я имел);I had;иметь;to have (had, had)
У него не было (Он не имел);He didn`t have;иметь;to have (had, had)
Мы будем делать? ;Will we do?;делать;to do (did, done)
Ты будешь делать;You will do;делать;to do (did, done)
Она делает;She does;делать;to do (did, done)
Я не делаю;I don`t do;делать;to do (did, done)
Они не будут делать;They won't do;делать;to do (did, done)
Он делает? ;Does he do?;делать;to do (did, done)
Ты делаешь? ;Do you do?;делать;to do (did, done)
Она делала;She did;делать;to do (did, done)
Ты не делал;You didn`t do;делать;to do (did, done)
Я пойду? (Я буду идти?) ;Will I go?;идти;to go (went, gone)
Ты пойдешь (Ты будешь идти);You will go;идти;to go (went, gone)
Мы не пойдем (Мы не будем идти);We won`t go;идти;to go (went, gone)
Они идут? ;Do they go?;идти;to go (went, gone)
Он идет;He goes;идти;to go (went, gone)
Она не идет;She doesn`t go;идти;to go (went, gone)
Ты ходил? ;Did you go?;идти;to go (went, gone)
Я ходил;I went;идти;to go (went, gone)
Он не ходил;He didn`t go;идти;to go (went, gone)
Мы получим? (Мы будем получать?) ;Will we get?;получать;to get (got, got/gotten)
Ты получишь (Ты будешь получать);You will get;получать;to get (got, got/gotten)
Она получает;She gets;получать;to get (got, got/gotten)
Я не получаю;I don't get;получать;to get (got, got/gotten)
Они не получат (Они не будут получать);They won't get;получать;to get (got, got/gotten)
Он получает? ;Does he get?;получать;to get (got, got/gotten)
Ты получаешь? ;Do you get?;получать;to get (got, got/gotten)
Она получала;She got;получать;to get (got, got/gotten)
Ты не получал;You didn't get;получать;to get (got, got/gotten)
Ты узнаешь? (Ты будешь знать?) ;Will you know?;знать;to know (knew, known)
Мы узнаем (Мы будем знать);We will know;знать;to know (knew, known)
Они не узнают (Они не будут знать);They will not know;знать;to know (knew, known)
Он знал? ;Did he know?;знать;to know (knew, known)
Она знает;She knows;знать;to know (knew, known)
Я не знаю;I don't know;знать;to know (knew, known)
Ты знал? ;Did you know?;знать;to know (knew, known)
Она знала;She knew;знать;to know (knew, known)
Ты не знал;You didn't know;знать;to know (knew, known)
Я буду думать;I will think;думать;to think (thought, thought)
Ты будешь думать?;Will you think?;думать;to think (thought, thought)
Мы не будем думать;We will not think;думать;to think (thought, thought)
Они думают? ;Do they think?;думать;to think (thought, thought)
Он думает;He thinks;думать;to think (thought, thought)
Она не думает;She doesn't think;думать;to think (thought, thought)
Ты думал? ;Did you think?;думать;to think (thought, thought)
Я думал;I thought;думать;to think (thought, thought)
Он не думал;He didn't think;думать;to think (thought, thought)
Мы возьмем? (Мы будем брать?) ;Will we take?;брать;to take (took, taken)
Ты возьмешь (Ты будешь брать);You will take;брать;to take (took, taken)
Она берет;She takes;брать;to take (took, taken)
Я не беру;I don't take;брать;to take (took, taken)
Они не возьмут (Они не будут брать);They won't take;брать;to take (took, taken)
Он берет? ;Does he take?;брать;to take (took, taken)
Ты берешь? ;Do you take?;брать;to take (took, taken)
Она брала;She took;брать;to take (took, taken)
Ты не брал;You didn't take;брать;to take (took, taken)
Ты увидишь? (Ты будешь видеть?) ;Will you see?;видеть;to see (saw, seen)
Мы увидим (Мы будем видеть);We will see;видеть;to see (saw, seen)
Они не увидят (Они не будут видеть);They won't see;видеть;to see (saw, seen)
Он видел? ;Did he see?;видеть;to see (saw, seen)
Она видит;She sees;видеть;to see (saw, seen)
Я не вижу;I don't see;видеть;to see (saw, seen)
Ты видел? ;Did you see?;видеть;to see (saw, seen)
Она видела;She saw;видеть;to see (saw, seen)
Ты не видел;You didn't see;видеть;to see (saw, seen)
Ты придешь?  ;Will you come?;приходить;to come (came, come)
Я приду ;I will come;приходить;to come (came, come)
Мы не придем ;We won't come;приходить;to come (came, come)
Они приходят? ;Do they come?;приходить;to come (came, come)
Он приходит;He comes;приходить;to come (came, come)
Она не приходит;She doesn't come;приходить;to come (came, come)
Ты приходил? ;Did you come?;приходить;to come (came, come)
Я приходил;I came;приходить;to come (came, come)
Он не приходил;He didn't come;приходить;to come (came, come)
Мы будем хотеть;We will want?;хотеть;to want (wanted)
Ты будешь хотеть?;Will you want;хотеть;to want (wanted)
Она хочет;She wants;хотеть;to want (wanted)
Я не хочу;I don't want;хотеть;to want (wanted)
Они не будут хотеть;They won't want;хотеть;to want (wanted)
Он хочет;He wants;хотеть;to want (wanted)
Ты хочешь? ;Do you want?;хотеть;to want (wanted)
Она хотела;She wanted;хотеть;to want (wanted)
Ты не хотел;You didn't want;хотеть;to want (wanted)
Ты будешь использовать? ;Will you use?;использовать;to use (used)
Мы будем использовать;We will use;использовать;to use (used)
Они не будут использовать;They won't use;использовать;to use (used)
Он использовал? ;Did he use?;использовать;to use (used)
Она использует;She uses;использовать;to use (used)
Я не использую;I don't use;использовать;to use (used)
Ты использовал? ;Did you use?;использовать;to use (used)
Она использовала;She used;использовать;to use (used)
Ты не использовал;You didn't use;использовать;to use (used)
Я найду (Я буду находить) ;I will find;находить;to find (found, found)
Ты найдешь? (Ты будешь находить);Will you find?;находить;to find (found, found)
Мы не найдем (Мы не будем находить);We won't find;находить;to find (found, found)
Они находят? ;Do they find?;находить;to find (found, found)
Он находит;He finds;находить;to find (found, found)
Она не находит;She doesn't find;находить;to find (found, found)
Ты находил? ;Did you find?;находить;to find (found, found)
Я находил;I found;находить;to find (found, found)
Он не находил;He didn't find;находить;to find (found, found)
Мы дадим (Мы будем давать) ;We will give;давать;to give (gave, given)
Ты дашь? (Ты будешь давать?);Will you give?;давать;to give (gave, given)
Она дает;She gives;давать;to give (gave, given)
Я не даю;I don't give;давать;to give (gave, given)
Они не дадут (Они не будут давать);They won't give;давать;to give (gave, given)
Он дает? ;Does he give?;давать;to give (gave, given)
Ты даешь? ;Do you give?;давать;to give (gave, given)
Она давала;She gave;давать;to give (gave, given)
Ты не давал;You didn't give;давать;to give (gave, given)
Ты будешь рассказывать? ;Will you tell?;рассказывать;to tell (told, told)
Мы будем рассказывать;We will tell;рассказывать;to tell (told, told)
Они не будут рассказывать;They will not tell;рассказывать;to tell (told, told)
Он рассказывал? ;Did he tell?;рассказывать;to tell (told, told)
Она рассказывает;She tells;рассказывать;to tell (told, told)
Я не рассказываю;I don't tell;рассказывать;to tell (told, told)
Ты рассказывал? ;Did you tell?;рассказывать;to tell (told, told)
Она рассказывала;She told;рассказывать;to tell (told, told)
Ты не рассказывал;You didn't tell;рассказывать;to tell (told, told)
Он не работал;He didn't work;работать;to work (worked)
Я работал;I worked;работать;to work (worked)
Ты работал? ;Did you work?;работать;to work (worked)
Она не работает;She doesn't work;работать;to work (worked)
Он работает;He works;работать;to work (worked)
Они работают? ;Do they work?;работать;to work (worked)
Мы не будем работать;We won't work;работать;to work (worked)
Ты будешь работать;You will work;работать;to work (worked)
Я буду работать? ;Will I work?;работать;to work (worked)
Ты не звонил;You didn't call;звонить;to call (called)
Она звонила;She called;звонить;to call (called)
Ты звонил? ;Did you call?;звонить;to call (called)
Он звонил? ;Did he call?;звонить;to call (called)
Они не позвонят (Они не будут звонить);They won't call;звонить;to call (called)
Я не звоню;I don't call;звонить;to call (called)
Она звонит;She calls;звонить;to call (called)
Ты позвонишь (Ты будешь звонить);You will call;звонить;to call (called)
Мы позвоним? (Мы будем звонить?) ;Will we call?;звонить;to call (called)
Ты не пытался;You didn't try;пытаться;to try (tried)
Она пыталась;She tried;пытаться;to try (tried)
Ты пытался? ;Did you try?;пытаться;to try (tried)
Я не пытаюсь;I don't try;пытаться;to try (tried)
Она пытается;She tries;пытаться;to try (tried)
Он пытался? ;Did he try?;пытаться;to try (tried)
Они не попытаются (Они не будут пытаться);They won't try;пытаться;to try (tried)
Мы попытаемся? (Мы будем пытаться);Will we try?;пытаться;to try (tried)
Ты попытаешься? (Ты будешь пытаться?) ;Will you try?;пытаться;to try (tried)
Он не просил;He didn't ask;просить;to ask (asked)
Я просил;I asked;просить;to ask (asked)
Ты просил? ;Did you ask?;просить;to ask (asked)
Она не просит;She doesn't ask;просить;to ask (asked)
Он просит;He askes;просить;to ask (asked)
Они просят? ;Do they ask?;просить;to ask (asked)
Мы не будем просить;We won't ask;просить;to ask (asked)
Ты будешь просить;You will ask;просить;to ask (asked)
Я буду просить? ;Will I ask?;просить;to ask (asked)
Ты не  нуждался;You didn't need;нуждаться;to need (needed)
Она нуждалась;She needed;нуждаться;to need (needed)
Ты нуждаешься? ;Do you need?;нуждаться;to need (needed)
Он нуждается? ;Does he need?;нуждаться;to need (needed)
Они не будут нуждаться;They won't need;нуждаться;to need (needed)
Я не нуждаюсь;I don't need;нуждаться;to need (needed)
Она нуждается;She needs;нуждаться;to need (needed)
Ты будешь нуждаться;You will need;нуждаться;to need (needed)
Мы будем нуждаться? ;Will we need?;нуждаться;to need (needed)
Ты не чувствовал;You didn't feel;чувствовать;to feel (felt, felt)
Она чувствовала;She felt;чувствовать;to feel (felt, felt)
Ты чувствовал? ;Did you feel?;чувствовать;to feel (felt, felt)
Я не чувствую;I don't feel;чувствовать;to feel (felt, felt)
Она чувствует;She feels;чувствовать;to feel (felt, felt)
Он чувствовал? ;Did he feel?;чувствовать;to feel (felt, felt)
Они не почувствуют (Они не будут чувствовать);They won't feel;чувствовать;to feel (felt, felt)
Мы почувствуем (Мы будем чувствовать);We will feel;чувствовать;to feel (felt, felt)
Ты почувствуешь? (Ты будешь чувствовать?) ;Will you feel?;чувствовать;to feel (felt, felt)
Я стану? (Я буду становиться?) ;Will I become?;становиться;to become (became, become)
Ты станешь (Ты будешь становиться);You will become;становиться;to become (became, become)
Мы не станем (Мы не будем становиться);We won't become;становиться;to become (became, become)
Они становятся? ;Do they become?;становиться;to become (became, become)
Он становится;He becomes;становиться;to become (became, become)
Она не становится;She doesn't become;становиться;to become (became, become)
Ты становился? ;Did you become?;становиться;to become (became, become)
Я становился;I became;становиться;to become (became, become)
Он не становился;He didn't become;становиться;to become (became, become)
Мы будем оставлять? ;Will we leave?;оставлять;to leave (left, left)
Ты будешь оставлять;You will leave;оставлять;to leave (left, left)
Она оставляет;She leaves;оставлять;to leave (left, left)
Я не оставляю;I don't leave;оставлять;to leave (left, left)
Они не будут оставлять;They won't leave;оставлять;to leave (left, left)
Он оставляет? ;Does he leave?;оставлять;to leave (left, left)
Ты оставляешь? ;Do you leave?;оставлять;to leave (left, left)
Она оставляла;She left;оставлять;to leave (left, left)
Ты не оставлял;You didn't leave;оставлять;to leave (left, left)
Ты поставишь? (Ты будешь ставить?) ;Will you put?;ставить;to put (put, put)
Мы поставим (Мы будем ставить);We will put;ставить;to put (put, put)
Они не поставят (Они не будут ставить);They won't put;ставить;to put (put, put)
Он ставил? ;Did he put?;ставить;to put (put, put)
Она ставит;She puts;ставить;to put (put, put)
Я не ставлю;I don't put;ставить;to put (put, put)
Ты ставил? ;Did you put?;ставить;to put (put, put)
Она ставила;She put;ставить;to put (put, put)
Ты не ставил;You didn't put;ставить;to put (put, put)
Он не значил;He didn't mean;значить;to mean (meant, meant)
Я значил;I meant;значить;to mean (meant, meant)
Ты значил? ;Did you mean?;значить;to mean (meant, meant)
Она не значит;She doesn't mean;значить;to mean (meant, meant)
Он значит;He means;значить;to mean (meant, meant)
Они значат? ;Do they mean?;значить;to mean (meant, meant)
Мы не будем значить;We won't mean;значить;to mean (meant, meant)
Ты будешь значить;You will mean;значить;to mean (meant, meant)
Я буду значить? ;Will I mean?;значить;to mean (meant, meant)
Ты не хранил;You didn't keep;хранить;to keep (kept, kept)
Она хранила;She kept;хранить;to keep (kept, kept)
Ты хранишь? ;Do you keep?;хранить;to keep (kept, kept)
Он хранит? ;Does he keep?;хранить;to keep (kept, kept)
Они не будут хранить;They won't keep;хранить;to keep (kept, kept)
Я не храню;I don't keep;хранить;to keep (kept, kept)
Она хранит;She keeps;хранить;to keep (kept, kept)
Ты будешь хранить;You will keep;хранить;to keep (kept, kept)
Мы будем хранить? ;Will we keep?;хранить;to keep (kept, kept)
Ты не позволял;You didn't let;позволять;to let (let, let)
Она позволяла;She let;позволять;to let (let, let)
Ты позволял? ;Did you let?;позволять;to let (let, let)
Я не позволю;I won't let;позволять;to let (let, let)
Она позволяет;She lets;позволять;to let (let, let)
Он позволял? ;Did he let?;позволять;to let (let, let)
Они не позволят (Они не будут позволять);They won't let;позволять;to let (let, let)
Мы позволим (Мы будем позволять);We will let;позволять;to let (let, let)
Ты позволишь? (Ты будешь позволять?) ;Will you let?;позволять;to let (let, let)
Я начну? (Я буду начинать?);Will I begin?;начинать;to begin (began, begun)
Ты начнешь (Ты будешь начинать);You will begin;начинать;to begin (began, begun)
Мы не начнем (Мы не будем начинать);We won't begin;начинать;to begin (began, begun)
Они начинают? ;Do they begin?;начинать;to begin (began, begun)
Он начинает;He begins;начинать;to begin (began, begun)
Она не начинает;She doesn't begin;начинать;to begin (began, begun)
Ты начинал? ;Did you begin?;начинать;to begin (began, begun)
Я начинал;I began;начинать;to begin (began, begun)
Он не начинал;He didn't begin;начинать;to begin (began, begun)
Мы будем казаться? ;Will we seem?;казаться;to seem (seemed)
Ты будешь казаться;You will seem;казаться;to seem (seemed)
Она кажется;She seems;казаться;to seem (seemed)
Я не кажусь;I don't seem;казаться;to seem (seemed)
Они не будут казаться;They won't seem;казаться;to seem (seemed)
Он кажется? ;Does he seem?;казаться;to seem (seemed)
Ты кажешься;You seem;казаться;to seem (seemed)
Она казалась;She seemed;казаться;to seem (seemed)
Ты не казался;You didn't seem;казаться;to seem (seemed)
Ты будешь помогать? ;Will you help?;помогать;to help (helped)
Мы будем помогать;We will help;помогать;to help (helped)
Они не будут помогать;They won't help;помогать;to help (helped)
Он помогал? ;Did he help?;помогать;to help (helped)
Она помогает;She helps;помогать;to help (helped)
Я не помогаю;I don't help;помогать;to help (helped)
Ты помогал? ;Did you help?;помогать;to help (helped)
Она помогала;She helped;помогать;to help (helped)
Ты не помогал;You didn't help;помогать;to help (helped)
Он не показывал;He didn't show;показывать;to show (showed, shown)
Я показывал;I showed;показывать;to show (showed, shown)
Ты показывал? ;Did you show?;показывать;to show (showed, shown)
Она не показывает;She doesn't show;показывать;to show (showed, shown)
Он показывает;He shows;показывать;to show (showed, shown)
Они показывают? ;Do they show?;показывать;to show (showed, shown)
Мы не покажем (Мы не будем показывать);We won't show;показывать;to show (showed, shown)
Ты покажешь? (Ты будешь показывать?);Will you show?;показывать;to show (showed, shown)
Я покажу (Я буду показывать) ;I will show;показывать;to show (showed, shown)
Ты не слышал;You didn't hear;слышать;to hear (heard, heard)
Она слышала;She heard;слышать;to hear (heard, heard)
Ты слышишь? ;Do you hear?;слышать;to hear (heard, heard)
Он слышит? ;Does he hear?;слышать;to hear (heard, heard)
Они не будут слышать;They won't hear;слышать;to hear (heard, heard)
Я не слышу;I don't hear;слышать;to hear (heard, heard)
Она слышит;She hears;слышать;to hear (heard, heard)
Ты будешь слышать;You will hear;слышать;to hear (heard, heard)
Мы будем слышать? ;Will we hear?;слышать;to hear (heard, heard)
Ты не играл;You didn't play;играть;to play (played)
Она играла;She played;играть;to play (played)
Ты играл? ;Did you play?;играть;to play (played)
Я не играю;I don't play;играть;to play (played)
Она играет;She plays;играть;to play (played)
Он играл? ;Did he play?;играть;to play (played)
Они не будут играть;They won't play;играть;to play (played)
Мы будем играть;We will play;играть;to play (played)
Ты будешь играть? ;Will you play?;играть;to play (played)
Я побегу? (Я буду бежать?) ;Will I run?;бежать;to run (ran, run)
Ты побежишь (Ты будешь бежать);You will run;бежать;to run (ran, run)
Мы не побежим (Мы не будем бежать);We won't run;бежать;to run (ran, run)
Они бегут? ;Do they run?;бежать;to run (ran, run)
Он бежит;He runs;бежать;to run (ran, run)
Она не бежит;She doesn't run;бежать;to run (ran, run)
Ты бежал? ;Did you run?;бежать;to run (ran, run)
Я бежал;I ran;бежать;to run (ran, run)
Он не бежал;He didn't run;бежать;to run (ran, run)
Мы будем двигаться? ;Will we move?;двигаться;to move (moved)
Ты будешь двигаться;You will move;двигаться;to move (moved)
Она двигается;She moves;двигаться;to move (moved)
Я не двигаюсь;I don't move;двигаться;to move (moved)
Они не будут двигаться;They won't move;двигаться;to move (moved)
Он двигается? ;Does he move?;двигаться;to move (moved)
Ты двигаешься? ;Do you move?;двигаться;to move (moved)
Она двигалась;She moved;двигаться;to move (moved)
Ты не двигался;You didn't move;двигаться;to move (moved)
Ты будешь жить? ;Will you live?;жить;to live (lived)
Мы будем жить;We will live;жить;to live (lived)
Они не будут жить;They won't live;жить;to live (lived)
Он жил? ;Did he live?;жить;to live (lived)
Она живет;She lives;жить;to live (lived)
Я не живу;I don't live;жить;to live (lived)
Ты жил? ;Did you live?;жить;to live (lived)
Она жила;She lived;жить;to live (lived)
Ты не жила;You didn't live;жить;to live (lived)
Он не верил;He didn't believe;верить;to believe (believed)
Я верил;I believed;верить;to believe (believed)
Ты верил? ;Did you believe?;верить;to believe (believed)
Она не верит;She doesn't believe;верить;to believe (believed)
Он верит;He believes;верить;to believe (believed)
Они верят? ;Do they believe?;верить;to believe (believed)
Мы не будем верить;We won't believe;верить;to believe (believed)
Ты будешь верить;You will believe;верить;to believe (believed)
Я буду верить? ;Will I believe?;верить;to believe (believed)
Ты не приносил;You didn't bring;приносить;to bring (brought, brought)
Она приносила;She brought;приносить;to bring (brought, brought)
Ты приносишь? ;Do you bring;приносить;to bring (brought, brought)
Он приносит? ;Does he bring?;приносить;to bring (brought, brought)
Они не будут приносить;They won't bring;приносить;to bring (brought, brought)
Я не приношу;I don't bring;приносить;to bring (brought, brought)
Она приносит;She brings;приносить;to bring (brought, brought)
Ты будешь приносить;You will bring;приносить;to bring (brought, brought)
Мы будем приносить?  ;Will we bring?;приносить;to bring (brought, brought)
Это не случилось;It didn't happen;случаться;to happen (happened)
Это случилось;It happened;случаться;to happen (happened)
Это случилось? ;Did it happen?;случаться;to happen (happened)
Это случается;It happens;случаться;to happen (happened)
Это не случается;It doesn`t happen;случаться;to happen (happened)
Это случается? ;Does this happen?;случаться;to happen (happened)
Это не случится;It won't happen;случаться;to happen (happened)
Это случится;It will happen;случаться;to happen (happened)
Это случится?;Will it happen?;случаться;to happen (happened)
Я буду писать;I will write;писать;to write (wrote, written)
Ты будешь писать?;Will you write?;писать;to write (wrote, written)
Мы не будем писать;We won't write;писать;to write (wrote, written)
Они пишут? ;Do they write?;писать;to write (wrote, written)
Он пишет;He writes;писать;to write (wrote, written)
Она не пишет;She doesn’t write;писать;to write (wrote, written)
Ты писал? ;Did you write?;писать;to write (wrote, written)
Я писал;I wrote;писать;to write (wrote, written)
Он не писал;He didn't write;писать;to write (wrote, written)
Мы будем сидеть? ;Will we sit?;сидеть;to sit (sat, sat)
Ты будешь сидеть;You will sit;сидеть;to sit (sat, sat)
Она сидит;She sits;сидеть;to sit (sat, sat)
Я не сижу;I don't sit;сидеть;to sit (sat, sat)
Они не будут сидеть;They won't sit;сидеть;to sit (sat, sat)
Он сидит? ;Does he sit?;сидеть;to sit (sat, sat)
Ты сидишь? ;Do you sit?;сидеть;to sit (sat, sat)
Она сидела;She sat;сидеть;to sit (sat, sat)
Ты не сидел;You didn't sit;сидеть;to sit (sat, sat)
Ты будешь стоять? ;Will you stand?;стоять;to stand (stood, stood)
Мы будем стоять;We will stand;стоять;to stand (stood, stood)
Они не будут стоять;They won't stand;стоять;to stand (stood, stood)
Он стоял? ;Did he stand?;стоять;to stand (stood, stood)
Она стоит;She stands;стоять;to stand (stood, stood)
Я не стою;I don't stand;стоять;to stand (stood, stood)
Ты стоял? ;Did you stand?;стоять;to stand (stood, stood)
Она стояла;She stood;стоять;to stand (stood, stood)
Ты не стоял;You didn't stand;стоять;to stand (stood, stood)
Он не терял;He didn't lose;терять;to lose (lost, lost)
Я терял;I lost;терять;to lose (lost, lost)
Ты терял? ;Did you lose?;терять;to lose (lost, lost)
Она не теряет;She doesn't lose;терять;to lose (lost, lost)
Он теряет;He loses;терять;to lose (lost, lost)
Они теряют? ;Do they lose?;терять;to lose (lost, lost)
Мы не потеряем (Мы не будем терять);We won't lose;терять;to lose (lost, lost)
Ты потеряешь (Ты будешь терять);You will lose;терять;to lose (lost, lost)
Я потеряю? (Я буду терять?) ;Will I lose?;терять;to lose (lost, lost)
Ты не платил;You didn't pay;платить;to pay (paid, paid)
Она платила;She paid;платить;to pay (paid, paid)
Ты платишь? ;Do you pay?;платить;to pay (paid, paid)
Он платит? ;Does he pay?;платить;to pay (paid, paid)
Они не будут платить;They won't pay;платить;to pay (paid, paid)
Я не плачу;I don't pay;платить;to pay (paid, paid)
Она платит;She pays;платить;to pay (paid, paid)
Ты заплатишь (Ты будешь платить);You will pay;платить;to pay (paid, paid)
Мы заплатим? (Мы будем платить?) ;Will we pay?;платить;to pay (paid, paid)
Ты не встречал;You didn't meet;встречать;to meet (met, met)
Она встречала;She met;встречать;to meet (met, met)
Ты встречал? ;Did you meet?;встречать;to meet (met, met)
Я не встречаю;I don't meet;встречать;to meet (met, met)
Она встречает;She meets;встречать;to meet (met, met)
Он встречал? ;Did he meet?;встречать;to meet (met, met)
Они не встретят (Они не будут встречать);They won't meet;встречать;to meet (met, met)
Мы встретим (Мы будем встречать);We will meet;встречать;to meet (met, met)
Ты встретишь? (Ты будешь встречать?) ;Will you meet?;встречать;to meet (met, met)
Это включает (Это будет включать) ;This will include;включать;to include (included)
Это будет включать? ;Will this include?;включать;to include (included)
Это не будет включать;This won't include;включать;to include (included)
Это включает? ;Does this include?;включать;to include (included)
Это включает;This includes;включать;to include (included)
Это не включает;This doesn`t include;включать;to include (included)
Это включало?;Did this include?;включать;to include (included)
Это включало ;This included;включать;to include (included)
Это не включало;This didn't include;включать;to include (included)
Мы продолжим? (Мы будем продолжать?) ;Will we continue?;продолжать;to continue (continued)
Я продолжу (Я буду продолжать);I will continue;продолжать;to continue (continued)
Она продолжает;She continues;продолжать;to continue (continued)
Он не продолжает;He doesn't continue;продолжать;to continue (continued)
Они не продолжат (Они не будут продолжать);They won't continue;продолжать;to continue (continued)
Он продолжает? ;Does he continue?;продолжать;to continue (continued)
Ты продолжаешь? ;Do you continue?;продолжать;to continue (continued)
Она продолжала;She continued;продолжать;to continue (continued)
Ты не продолжал;You didn't continue;продолжать;to continue (continued)
Ты установишь? (Ты будешь устанавливать?) ;Will you set?;устанавливать;to set (set, set)
Мы установим (Мы будем устанавливать);We will set;устанавливать;to set (set, set)
Они не установят (Они не будут устанавливать);They won't set;устанавливать;to set (set, set)
Он устанавливал? ;Did he set?;устанавливать;to set (set, set)
Она устанавливает;She sets;устанавливать;to set (set, set)
Я не устанавливаю;I don't set;устанавливать;to set (set, set)
Ты устанавливал? ;Did you set?;устанавливать;to set (set, set)
Она устанавливала;She set;устанавливать;to set (set, set)
Ты не устанавливал;You didn't set;устанавливать;to set (set, set)
Он не учился;He didn't learn;учиться;to learn (learned)
Я учился;I learned;учиться;to learn (learned)
Ты учился? ;Did you learn?;учиться;to learn (learned)
Она не учится;She doesn't learn;учиться;to learn (learned)
Он учится;He learns;учиться;to learn (learned)
Они учатся? ;Do they learn?;учиться;to learn (learned)
Мы не выучимся (Мы не будем учиться);We won't learn;учиться;to learn (learned)
Ты выучишься (Ты будешь учиться);You will learn;учиться;to learn (learned)
Я выучусь? (Я буду учиться?) ;Will I learn?;учиться;to learn (learned)
Ты не менял;You didn't change;менять;to change (changed)
Она меняла;She changed;менять;to change (changed)
Ты меняешь? ;Do you change?;менять;to change (changed)
Он меняет? ;Does he change?;менять;to change (changed)
Они не будут менять;They won't change;менять;to change (changed)
Я не меняю;I don't change;менять;to change (changed)
Она меняет;She changes;менять;to change (changed)
Ты будешь менять;You will change;менять;to change (changed)
Мы будем менять? ;Will we change?;менять;to change (changed)
Ты не вел;You didn't lead;вести;to lead (led, led)
Она вела;She led;вести;to lead (led, led)
Ты вел? ;Did you lead?;вести;to lead (led, led)
Я не веду;I don't lead;вести;to lead (led, led)
Она ведет;She leads;вести;to lead (led, led)
Он вел? ;Did he lead?;вести;to lead (led, led)
Они не будут вести;They won't lead;вести;to lead (led, led)
Мы будем вести;We will lead;вести;to lead (led, led)
Ты будешь вести? ;Will you lead?;вести;to lead (led, led)
Я пойму (Я буду понимать) ;I will understand;понимать;to understand (understood, understood)
Ты поймешь? (Ты будешь понимать?);Will you understand?;понимать;to understand (understood, understood)
Мы не поймем (Мы не будем понимать);We won't understand;понимать;to understand (understood, understood)
Они понимают? ;Do they understand?;понимать;to understand (understood, understood)
Он понимает;He understands;понимать;to understand (understood, understood)
Она не понимает;She doesn't understand;понимать;to understand (understood, understood)
Ты понимал? ;Did you understand?;понимать;to understand (understood, understood)
Я понимал;I understood;понимать;to understand (understood, understood)
Он не понимал;He didn't understand;понимать;to understand (understood, understood)
Мы будем смотреть? ;Will we watch?;смотреть;to watch (watched)
Ты будешь смотреть;You will watch;смотреть;to watch (watched)
Она смотрит;She watches;смотреть;to watch (watched)
Я не смотрю;I don't watch;смотреть;to watch (watched)
Они не будут смотреть;They won't watch;смотреть;to watch (watched)
Он смотрит? ;Does he watch?;смотреть;to watch (watched)
Ты смотришь? ;Do you watch?;смотреть;to watch (watched)
Ты не смотрел;You didn't watch;смотреть;to watch (watched)
Она смотрела;She watched;смотреть;to watch (watched)
Ты будешь следовать? ;Will you follow?;следовать;to follow (followed)
Мы будем следовать;We will follow;следовать;to follow (followed)
Они не будут следовать;They won't follow;следовать;to follow (followed)
Он следовал?;Did he follow?;следовать;to follow (followed)
Она следует;She follows;следовать;to follow (followed)
Я не следую;I don't follow;следовать;to follow (followed)
Ты следовал? ;Did you follow?;следовать;to follow (followed)
Она следовала;She followed;следовать;to follow (followed)
Ты не следовал;You didn't follow;следовать;to follow (followed)
Он не останавливал;He didn't stop;останавливать;to stop (stopped)
Я останавливал;I stopped;останавливать;to stop (stopped)
Ты останавливал? ;Did you stop?;останавливать;to stop (stopped)
Она не останавливает;She doesn't stop;останавливать;to stop (stopped)
Он останавливает;He stops;останавливать;to stop (stopped)
Они останавливают?;Do they stop?;останавливать;to stop (stopped)
Мы не будем останавливать;We won't stop;останавливать;to stop (stopped)
Я остановлю;I will stop;останавливать;to stop (stopped)
Ты останавишь? ;Will you stop?;останавливать;to stop (stopped)
Ты не создавал;You didn't create;создавать;to create (created)
Она создавала;She created;создавать;to create (created)
Ты создаешь? ;Do you create?;создавать;to create (created)
Он создает? ;Does he create?;создавать;to create (created)
Они не будут создавать;They won't create;создавать;to create (created)
Я не создаю;I don't create;создавать;to create (created)
Она создает;She creates;создавать;to create (created)
Ты будешь создавать;You will create;создавать;to create (created)
Мы будем создавать? ;Will we create?;создавать;to create (created)
Ты не читал;You didn’t read;читать;to read (read, read)
Она читала;She read;читать;to read (read, read)
Ты читал? ;Did you read?;читать;to read (read, read)
Я не читаю;I don't read;читать;to read (read, read)
Она читает;She reads;читать;to read (read, read)
Он читал? ;Did he read?;читать;to read (read, read)
Они не будут читать;They won't read;читать;to read (read, read)
Мы будем читать;We will read;читать;to read (read, read)
Ты будешь читать? ;Will you read?;читать;to read (read, read)
Ты потратишь? ;Will you spend?;тратить;to spend (spent, spent)
Я буду тратить;I will spend;тратить;to spend (spent, spent)
Мы не будем тратить;We won't spend;тратить;to spend (spent, spent)
Они тратят? ;Do they spend?;тратить;to spend (spent, spent)
Он тратит;He spends;тратить;to spend (spent, spent)
Она не тратит;She doesn't spend;тратить;to spend (spent, spent)
Ты тратил? ;Did you spend?;тратить;to spend (spent, spent)
Я тратил;I spent;тратить;to spend (spent, spent)
Он не тратил;He didn’t spend;тратить;to spend (spent, spent)
Мы будем расти? ;Will we grow?;расти;to grow (grew, grown)
Ты будешь расти;You will grow;расти;to grow (grew, grown)
Она растет;She grows;расти;to grow (grew, grown)
Я не расту;I don't grow;расти;to grow (grew, grown)
Он не будет расти;He won't grow;расти;to grow (grew, grown)
Он растет? ;Does he grow?;расти;to grow (grew, grown)
Ты растешь? ;Do you grow?;расти;to grow (grew, grown)
Она росла;She grew;расти;to grow (grew, grown)
Ты не рос;You didn’t grow;расти;to grow (grew, grown)
Ты откроешь? (Ты будешь открывать?) ;Will you open?;открывать;to open (opened)
Мы откроем (Мы будем открывать);We will open;открывать;to open (opened)
Они не откроют (Они не будут открывать);They won't open;открывать;to open (opened)
Он открывал? ;Did he open?;открывать;to open (opened)
Она открывает;She opens;открывать;to open (opened)
Я не открываю;I don't open;открывать;to open (opened)
Ты открывал? ;Did you open?;открывать;to open (opened)
Она открывала;She opened;открывать;to open (opened)
Ты не открывал;You didn't open;открывать;to open (opened)
Он не побеждал;He didn't win;побеждать;to win (won, won)
Я побеждал;I won;побеждать;to win (won, won)
Ты побеждал? ;Did you win?;побеждать;to win (won, won)
Она не побеждает;She doesn't win;побеждать;to win (won, won)
Он побеждает;He wins;побеждать;to win (won, won)
Они побеждают? ;Do they win?;побеждать;to win (won, won)
Мы не победим (Мы не будем побеждать);We won't win;побеждать;to win (won, won)
Ты победишь (Ты будешь побеждать);You will win;побеждать;to win (won, won)
Я одержу победу? (Я буду побеждать?) ;Will I win?;побеждать;to win (won, won)
Ты не учил;You didn’t teach;учить;to teach (taught, taught)
Она учила;She taught;учить;to teach (taught, taught)
Ты учишь? ;Do you teach?;учить;to teach (taught, taught)
Он учит? ;Does he teach?;учить;to teach (taught, taught)
Они не будут учить;They won't teach;учить;to teach (taught, taught)
Я не учу;I don't teach;учить;to teach (taught, taught)
Она учит;She teaches;учить;to teach (taught, taught)
Ты будешь учить;You will teach;учить;to teach (taught, taught)
Мы будем учить? ;Will we teach?;учить;to teach (taught, taught)
Ты не предлагал;You didn't offer;предлагать;to offer (offered)
Она предлагала;She offered;предлагать;to offer (offered)
Ты предлагал? ;Did you offer?;предлагать;to offer (offered)
Я не предлагаю;I don't offer;предлагать;to offer (offered)
Она предлагает;She offers;предлагать;to offer (offered)
Он предлагал? ;Did he offer?;предлагать;to offer (offered)
Они не предложат (Они не будут предлагать);They won't offer;предлагать;to offer (offered)
Мы предложим (Мы будем предлагать);We will offer;предлагать;to offer (offered)
Ты предложишь? (Ты будешь предлагать?) ;Will you offer?;предлагать;to offer (offered)
Ты будешь помнить? ;Will you remember?;помнить;to remember (remembered)
Я буду помнить;I will remember;помнить;to remember (remembered)
Мы не будем помнить;We won't remember;помнить;to remember (remembered)
Они помнят? ;Do they remember?;помнить;to remember (remembered)
Он помнит;He remembers;помнить;to remember (remembered)
Она не помнит;She doesn't remember;помнить;to remember (remembered)
Ты помнил? ;Did you remember?;помнить;to remember (remembered)
Я помнил;I remembered;помнить;to remember (remembered)
Он не помнил;He didn't remember;помнить;to remember (remembered)
Ты будешь предполагать? ;Will you consider?;считать (полагать);to consider (considered)
Они будут считать;They will consider;считать (полагать);to consider (considered)
Она полагает;She considers;считать (полагать);to consider (considered)
Я не считаю;I don't consider;считать (полагать);to consider (considered)
Они не будут считать;They won't consider;считать (полагать);to consider (considered)
Он считает? ;Does he consider?;считать (полагать);to consider (considered)
Ты полагаешь? ;Do you consider?;считать (полагать);to consider (considered)
Она считала;She considered;считать (полагать);to consider (considered)
Ты не считал;You didn't considered;считать (полагать);to consider (considered)
Ты появишься? (Ты будешь появляться?) ;Will you appear?;появляться;to appear (appeared)
Мы появимся (Мы будем появляться);We will appear;появляться;to appear (appeared)
Они не появятся (Они не будут появляться);They won't appear;появляться;to appear (appeared)
Он появлялся? ;Did he appear?;появляться;to appear (appeared)
Она появляется;She appears;появляться;to appear (appeared)
Он не появляется;He doesn't appear;появляться;to appear (appeared)
Ты появился? ;Did you appear?;появляться;to appear (appeared)
Она появлялась;She appeared;появляться;to appear (appeared)
Ты не появлялся;You didn't appear;появляться;to appear (appeared)
Он не покупал;He didn't buy;покупать;to buy (bought, bought)
Я покупал;I bought;покупать;to buy (bought, bought)
Ты покупал? ;Did you buy?;покупать;to buy (bought, bought)
Она не покупает;She doesn't buy;покупать;to buy (bought, bought)
Он покупает;He buys;покупать;to buy (bought, bought)
Они покупают? ;Do they buy?;покупать;to buy (bought, bought)
Мы не купим (Мы не будем покупать);We won't buy;покупать;to buy (bought, bought)
Я куплю (Я буду покупать);I will buy;покупать;to buy (bought, bought)
Ты купишь? (Ты будешь покупать?);Will you buy?;покупать;to buy (bought, bought)
Ты не служил;You didn't serve;служить;to serve (served)
Она служила;She served;служить;to serve (served)
Ты служишь? ;Do you serve?;служить;to serve (served)
Он служит? ;Does he serve?;служить;to serve (served)
Они не будут служить;They won't serve;служить;to serve (served)
Я не служу;I don't serve;служить;to serve (served)
Она служит;She serves;служить;to serve (served)
Ты будешь служить;You will serve;служить;to serve (served)
Мы будем служить? ;Will we serve?;служить;to serve (served)
Ты не умирал;You didn't die;умирать;to die (died)
Она умерла;She died;умирать;to die (died)
Ты умирал? ;Did you die?;умирать;to die (died)
Я не умираю;I don't die;умирать;to die (died)
Она умирает;She dies;умирать;to die (died)
Он умирал? ;Did he die?;умирать;to die (died)
Они не умрут (Они не будут умирать);They won't die;умирать;to die (died)
Мы умрем (Мы будем умирать);We will die;умирать;to die (died)
Ты умрешь? (Ты будешь умирать?) ;Will you die?;умирать;to die (died)
Ты пошлешь? (Ты будешь посылать?) ;Will you send?;посылать;to send (sent, sent)
Я пошлю (Я буду посылать);I will send;посылать;to send (sent, sent)
Мы не пошлем (Мы не будем посылать);We won't send;посылать;to send (sent, sent)
Они посылают? ;Do they send?;посылать;to send (sent, sent)
Он посылает;He sends;посылать;to send (sent, sent)
Она не посылает;She doesn't send;посылать;to send (sent, sent)
Ты посылал? ;Did you send?;посылать;to send (sent, sent)
Я посылал;I sent;посылать;to send (sent, sent)
Он не посылал;He didn't send;посылать;to send (sent, sent)
Мы будем строить? ;Will we build?;строить;to build (built, built)
Ты будешь строить;You will build;строить;to build (built, built)
Она строит;She builds;строить;to build (built, built)
Я не строю;I don't build;строить;to build (built, built)
Они не будут строить;They won't build;строить;to build (built, built)
Он строит? ;Does he build?;строить;to build (built, built)
Ты строишь? ;Do you build?;строить;to build (built, built)
Она строила;She built;строить;to build (built, built)
Ты не строил;You didn't build;строить;to build (built, built)
Ты останешься? (Ты будешь оставаться?) ;Will you stay?;оставаться;to stay (stayed)
Мы останемся (Мы будем оставаться);We will stay;оставаться;to stay (stayed)
Они не останутся (Они не будут оставаться);They won't stay;оставаться;to stay (stayed)
Он оставался? ;Did he stay?;оставаться;to stay (stayed)
Она остается;She stays;оставаться;to stay (stayed)
Я не остаюсь;I don't stay;оставаться;to stay (stayed)
Ты оставался? ;Did you stay?;оставаться;to stay (stayed)
Она оставалась;She stayed;оставаться;to stay (stayed)
Ты не оставался;You didn't stay;оставаться;to stay (stayed)
Он не падал;He didn't fall;падать;to fall (fell, fallen)
Я падал;I fell;падать;to fall (fell, fallen)
Ты падал? ;Did you fall?;падать;to fall (fell, fallen)
Она не падает;She doesn't fall;падать;to fall (fell, fallen)
Он падает;He falls;падать;to fall (fell, fallen)
Они падают? ;Do they fall?;падать;to fall (fell, fallen)
Мы не упадем (Мы не будем падать);We won't fall;падать;to fall (fell, fallen)
Ты упадешь (Ты будешь падать);You will fall;падать;to fall (fell, fallen)
Я упаду? (Я буду падать?) ;Will I fall?;падать;to fall (fell, fallen)
Ты не резал;You didn't cut;резать;to cut (cut, cut)
Она резала;She cut;резать;to cut (cut, cut)
Ты режешь? ;Do you cut?;резать;to cut (cut, cut)
Он режет? ;Does he cut?;резать;to cut (cut, cut)
Они не будут резать;They won't cut;резать;to cut (cut, cut)
Я не режу;I don't cut;резать;to cut (cut, cut)
Она режет;She cuts;резать;to cut (cut, cut)
Ты будешь резать;You will cut;резать;to cut (cut, cut)
Мы будем резать? ;Will we cut?;резать;to cut (cut, cut)
Ты не добился;You didn't reach;достигать (добиваться);to reach (reached)
Она достигла;She reached;достигать (добиваться);to reach (reached)
Ты добился? ;Did you reach?;достигать (добиваться);to reach (reached)
Я не достигаю;I don't reach;достигать (добиваться);to reach (reached)
Она добивается;She reaches;достигать (добиваться);to reach (reached)
Он добивался? ;Did he reach?;достигать (добиваться);to reach (reached)
Они не достигнут (Они не будут достигать);They won't reach;достигать (добиваться);to reach (reached)
Мы достигнем (Мы будем достигать);We will reach;достигать (добиваться);to reach (reached)
Ты добьешься? (Ты будешь добиваться?) ;Will you reach?;достигать (добиваться);to reach (reached)
Ты убьешь? (Ты будешь убивать?);Will you kill?;убивать;to kill (killed)
Я убью (Я буду убивать);I will kill;убивать;to kill (killed)
Мы не убьем (Мы не будем убивать);We won’t kill;убивать;to kill (killed)
Они убивают? ;Do they kill?;убивать;to kill (killed)
Он убивает;He kills;убивать;to kill (killed)
Она не убивает;She doesn't kill;убивать;to kill (killed)
Ты убивал? ;Did you kill?;убивать;to kill (killed)
Я убивал;I killed;убивать;to kill (killed)
Он не убивал;He didn’t kill;убивать;to kill (killed)
Мы поднимем? (Мы будем поднимать?) ;Will we raise?;поднимать;to raise (raised)
Ты поднимешь (Ты будешь поднимать);You will raise;поднимать;to raise (raised)
Она поднимает;She raises;поднимать;to raise (raised)
Я не поднимаю;I don't raise;поднимать;to raise (raised)
Они не поднимут (Они не будут поднимать);They won't raise;поднимать;to raise (raised)
Он поднимает? ;Does he raise?;поднимать;to raise (raised)
Ты поднимаешь? ;Do you raise?;поднимать;to raise (raised)
Она поднимала;She raised;поднимать;to raise (raised)
Ты не поднимал;You didn't raise;поднимать;to raise (raised)
Ты пройдешь?;Will you pass?;миновать (проходить);to pass (passed)
Мы пройдем;We will pass;миновать;to pass (passed)
Они не пройдут;They won’t pass;миновать;to pass (passed)
Он прошел? ;Did he pass?;миновать;to pass (passed)
Она проходит;She passes;миновать;to pass (passed)
Я не пройду;I don't pass;миновать;to pass (passed)
Ты прошел? ;Did you pass?;миновать;to pass (passed)
Она прошла;She passed;миновать;to pass (passed)
Ты не прошел;You didn't pass;миновать;to pass (passed)
Он не продавал;He didn't sell;продавать;to sell (sold, sold)
Я продавал;I sold;продавать;to sell (sold, sold)
Ты продавал? ;Did you sell?;продавать;to sell (sold, sold)
Она не продает;She doesn't sell;продавать;to sell (sold, sold)
Он продает;He sells;продавать;to sell (sold, sold)
Они продают? ;Do they sell?;продавать;to sell (sold, sold)
Мы не продадим (Мы не будем продавать);We won’t sell;продавать;to sell (sold, sold)
Я продам (Я буду продавать);I will sell;продавать;to sell (sold, sold)
Ты продашь? (Ты будешь продавать?);Will you sell?;продавать;to sell (sold, sold)
Ты не решал;You didn't decide;решать (решаться);to decide (decided)
Она решила;She decided;решать;to decide (decided)
Ты решаешь? ;Do you decide?;решать;to decide (decided)
Он решает? ;Does he decide?;решать;to decide (decided)
Они не будут решать;They won't decide;решать;to decide (decided)
Я не решаю;I don't decide;решать;to decide (decided)
Она решает;She decides;решать;to decide (decided)
Ты будешь решать;You will decide;решать;to decide (decided)
Мы будем решать? ;Will we decide?;решать;to decide (decided)
Ты не возвращался;You didn't return;возвращаться;to return (returned)
Она вернулась;She returned;возвращаться;to return (returned)
Ты вернулся? ;Did you return?;возвращаться;to return (returned)
Я не возвращаюсь;I don't return?;возвращаться;to return (returned)
Она возвращается;She returns;возвращаться;to return (returned)
Он вернулся? ;Did he return?;возвращаться;to return (returned)
Они не вернутся;They won't return;возвращаться;to return (returned)
Мы вернемся;We will return;возвращаться;to return (returned)
Ты вернешься? ;Will you return?;возвращаться;to return (returned)
Ты объяснишь?  ;Will you explain?;объяснять;to explain (explained)
Я объясню (Я буду объяснять);I will explain;объяснять;to explain (explained)
Мы не будем объяснять;We won't explain;объяснять;to explain (explained)
Они объясняют? ;Do they explain?;объяснять;to explain (explained)
Он объясняет;He explains;объяснять;to explain (explained)
Она не объясняет;She doesn't explain;объяснять;to explain (explained)
Ты объяснял? ;Did you explain?;объяснять;to explain (explained)
Я объяснял;I explained;объяснять;to explain (explained)
Он не объяснял;He didn't explained;объяснять;to explain (explained)
Мы будем надеяться? ;Will we hope?;надеяться;to hope (hoped)
Я буду надеяться;I will hope;надеяться;to hope (hoped)
Она надеется;She hopes;надеяться;to hope (hoped)
Я не надеюсь;I don't hope;надеяться;to hope (hoped)
Они не будут надеяться;They won't hope;надеяться;to hope (hoped)
Он надеется? ;Does he hope?;надеяться;to hope (hoped)
Ты надеешься? ;Do you hope?;надеяться;to hope (hoped)
Она надеялась;She hoped;надеяться;to hope (hoped)
Он не надеялся;He didn't hope;надеяться;to hope (hoped)
Ты будешь развивать? ;Will you develop?;развивать;to develop (developed)
Мы будем развивать;We will develop;развивать;to develop (developed)
Они не будут развивать;They won't develop;развивать;to develop (developed)
Он развивал? ;Did he develop?;развивать;to develop (developed)
Она развивает;She develops;развивать;to develop (developed)
Я не развиваю;I don't develop;развивать;to develop (developed)
Ты развивал? ;Did you develop?;развивать;to develop (developed)
Она развивала;She developed;развивать;to develop (developed)
Ты не развивал;You didn't develop;развивать;to develop (developed)
Он не нёс;He didn't carry;нести (везти);to carry (carried)
Я нёс ;I carried;нести (везти);to carry (carried)
Ты нёс? ;Did you carry?;нести (везти);to carry (carried)
Она не несёт;She doesn't carry;нести (везти);to carry (carried)
Он несет ;He carries;нести (везти);to carry (carried)
Они несут? ;Do they carry?;нести (везти);to carry (carried)
Мы не понесем (Мы не будем нести);We won't carry;нести (везти);to carry (carried)
Ты понесешь (Ты будешь нести);You will carry;нести (везти);to carry (carried)
Я понесу? (Я буду нести?) ;Will I carry?;нести (везти);to carry (carried)
Ты не ломал;You didn’t break;ломать;to break (broke, broken)
Она ломала;She broke;ломать;to break (broke, broken)
Ты ломаешь? ;Do you break?;ломать;to break (broke, broken)
Он ломает? ;Does he break?;ломать;to break (broke, broken)
Они не будут ломать;They won't break;ломать;to break (broke, broken)
Я не ломаю;I don't break;ломать;to break (broke, broken)
Она ломает;She breaks;ломать;to break (broke, broken)
Ты сломаешь;You will break;ломать;to break (broke, broken)
Мы будем ломать? ;Will we break?;ломать;to break (broke, broken)
Ты не получал;You didn't receive;получать;to receive (received)
Она получала;She received;получать;to receive (received)
Ты получал? ;Did you receive?;получать;to receive (received)
Я не получаю;I don't receive;получать;to receive (received)
Она получает;She receives;получать;to receive (received)
Он получал? ;Did he receive?;получать;to receive (received)
Они не получат (Они не будут получать);They won't receive;получать;to receive (received)
Мы получим (Мы будем получать);We will receive;получать;to receive (received)
Ты получишь? (Ты будешь получать?);Will you receive?;получать;to receive (received)
Ты согласишься? (Ты будешь соглашаться?) ;Will you agree?;соглашаться;to agree (agreed)
Я соглашусь (Я буду соглашаться);I will agree;соглашаться;to agree (agreed)
Мы не согласимся (Мы не будем соглашаться);We won't agree;соглашаться;to agree (agreed)
Они соглашаются? ;Do they agree?;соглашаться;to agree (agreed)
Он соглашается;He agrees;соглашаться;to agree (agreed)
Она не соглашается;She doesn't agree;соглашаться;to agree (agreed)
Ты соглашался? ;Did you agree?;соглашаться;to agree (agreed)
Я соглашалась;I agreed;соглашаться;to agree (agreed)
Он не соглашался;He didn't agree;соглашаться;to agree (agreed)
Мы поддержим? (Мы будем поддерживать?) ;Will we support?;поддерживать;to support (supported)
Ты поддержишь? (Ты будешь поддерживать);Will you support?;поддерживать;to support (supported)
Она поддерживает;She supports;поддерживать;to support (supported)
Я не поддерживаю;I don't support;поддерживать;to support (supported)
Они не поддержат (Они не будут поддерживать);They won't support;поддерживать;to support (supported)
Он поддерживает? ;Does he support?;поддерживать;to support (supported)
Ты поддерживаешь? ;Do you support?;поддерживать;to support (supported)
Она поддерживала;She supported;поддерживать;to support (supported)
Ты не поддерживал;You didn't support;поддерживать;to support (supported)
Ты ударишь? (Ты будешь ударять?) ;Will you hit?;ударять;to hit (hit, hit)
Мы ударим (Мы будем ударять);We will hit;ударять;to hit (hit, hit)
Они не ударят (Они не будут ударять);They won't hit;ударять;to hit (hit, hit)
Он ударял? ;Did he hit?;ударять;to hit (hit, hit)
Она ударяет;She hits;ударять;to hit (hit, hit)
Я не ударяю;I don't hit;ударять;to hit (hit, hit)
Ты ударял? ;Did you hit?;ударять;to hit (hit, hit)
Она ударяла;She hit;ударять;to hit (hit, hit)
Ты не ударял;You didn't hit;ударять;to hit (hit, hit)
Он не производил;He didn't produce;производить;to produce (produced)
Я производила;I produced;производить;to produce (produced)
Ты производил? ;Did you produce?;производить;to produce (produced)
Она не производит;She doesn't produce;производить;to produce (produced)
Он производит;He produces;производить;to produce (produced)
Они производят? ;Do they produce?;производить;to produce (produced)
Мы не будем производить;We won't produce;производить;to produce (produced)
Ты будешь производить;You will produce;производить;to produce (produced)
Я буду производить? ;Will I produce?;производить;to produce (produced)
Ты не ел;You didn't eat;есть;to eat (ate, eaten)
Она ела;She ate;есть;to eat (ate, eaten)
Ты ешь? ;Do you eat?;есть;to eat (ate, eaten)
Он ест? ;Does he eat?;есть;to eat (ate, eaten)
Они не будут есть;They won't eat;есть;to eat (ate, eaten)
Я не ем;I don't eat;есть;to eat (ate, eaten)
Она ест;She eats;есть;to eat (ate, eaten)
Ты будешь есть;You will eat;есть;to eat (ate, eaten)
Мы будем есть? ;Will we eat?;есть;to eat (ate, eaten)
Ты не накрывал;You didn't cover;накрывать (покрывать);to cover (covered)
Она накрывала;She covered;накрывать (покрывать);to cover (covered)
Ты покрывал? ;Did you cover?;накрывать (покрывать);to cover (covered)
Я не покрываю;I don't cover;накрывать (покрывать);to cover (covered)
Она накрывает;She covers ;накрывать (покрывать);to cover (covered)
Он покрывал? ;Did he covered?;накрывать (покрывать);to cover (covered)
Они не накроют (Они не будут накрывать);They won't cover;накрывать (покрывать);to cover (covered)
Мы покроем (Мы будем покрывать);We will cover;накрывать (покрывать);to cover (covered)
Ты покроешь? (Ты будешь покрывать?);Will you cover?;накрывать (покрывать);to cover (covered)
Ты будешь ловить? ;Will you catch?;ловить;to catch (caught, caught)
Я буду ловить;I will catch;ловить;to catch (caught, caught)
Мы не будем ловить;We won't catch;ловить;to catch (caught, caught)
Они ловят? ;Do they catch?;ловить;to catch (caught, caught)
Он ловит;He catches;ловить;to catch (caught, caught)
Она не ловит;She doesn't catch;ловить;to catch (caught, caught)
Ты ловил? ;Did you catch?;ловить;to catch (caught, caught)
Я ловил;I caught;ловить;to catch (caught, caught)
Он не ловил;He didn't catch;ловить;to catch (caught, caught)
Мы будем рисовать? ;Will we draw?;рисовать;to draw (drew, drawn)
Ты будешь рисовать;You will draw;рисовать;to draw (drew, drawn)
Она рисует;She draws;рисовать;to draw (drew, drawn)
Я не рисую;I don't draw;рисовать;to draw (drew, drawn)
Они не будут рисовать;They won't draw;рисовать;to draw (drew, drawn)
Он рисует? ;Does he draw?;рисовать;to draw (drew, drawn)
Ты рисуешь? ;Do you draw?;рисовать;to draw (drew, drawn)
Она рисовала;She drew;рисовать;to draw (drew, drawn)
Ты не рисовал;You didn't draw;рисовать;to draw (drew, drawn)
Ты будешь выбирать? ;Will you choose?;выбирать;to choose (chose, chosen)
Мы будем выбирать;We will choose;выбирать;to choose (chose, chosen)
Они не будут выбирать;They won't choose;выбирать;to choose (chose, chosen)
Он выбирал? ;Did he choose?;выбирать;to choose (chose, chosen)
Она выбирает;She chooses;выбирать;to choose (chose, chosen)
Я не выбираю;I don't choose;выбирать;to choose (chose, chosen)
Ты выбирал? ;Did you choose?;выбирать;to choose (chose, chosen)
Она выбирала;She chose;выбирать;to choose (chose, chosen)
Ты не выбирал;You didn't choose;выбирать;to choose (chose, chosen)
Он не был;He wasn't;быть;to be (was/were, been)
Я была;I was;быть;to be (was/were, been)
Ты был? ;Were you?;быть;to be (was/were, been)
Она есть;She is;быть;to be (was/were, been)
Он есть;He is;быть;to be (was/were, been)
Они есть? ;Are they?;быть;to be (was/were, been)
Мы не будем;We won't be;быть;to be (was/were, been)
Ты будешь;You will be;быть;to be (was/were, been)
Я буду? ;Will I be?;быть;to be (was/were, been)
Ты не звал;You didn't call;звать;to call (called)
Она звала;She called;звать;to call (called)
Ты зовешь? ;Do you call?;звать;to call (called)
Он зовет? ;Does he call?;звать;to call (called)
Они не позовут (Они не будут звать);They won't call;звать;to call (called)
Я не зову;I don't call;звать;to call (called)
Она зовет;She calls;звать;to call (called)
Ты позовешь (Ты будешь звать);You will call;звать;to call (called)
Мы позовем? (Мы будем звать?);Will we call?;звать;to call (called)
Ты не спрашивал;You didn't ask;спрашивать;to ask (asked)
Она спрашивала;She asked;спрашивать;to ask (asked)
Ты спрашивал? ;Did you ask?;спрашивать;to ask (asked)
Я не спрашиваю;I don't ask;спрашивать;to ask (asked)
Она спрашивает;She asks;спрашивать;to ask (asked)
Он спрашивал? ;Did he ask?;спрашивать;to ask (asked)
Они не спросят (Они не будут спрашивать);They won't ask;спрашивать;to ask (asked)
Мы спросим (Мы будем спрашивать);We will ask;спрашивать;to ask (asked)
Ты спросишь? (Ты будешь спрашивать?);Will you ask?;спрашивать;to ask (asked)
Ты положишь? (Ты будешь класть? );Will you put?;класть;to put (put, put)
Я положу (Я буду класть);I will put;класть;to put (put, put)
Мы не положим (Мы не будем класть);We won't put;класть;to put (put, put)
Они кладут? ;Do they put?;класть;to put (put, put)
Он кладет;He puts;класть;to put (put, put)
Она не кладет;She doesn't put;класть;to put (put, put)
Ты клал? ;Did you put?;класть;to put (put, put)
Я клал;I put;класть;to put (put, put)
Он не клал;He didn't put;класть;to put (put, put)
